recipe,tag
0,Jamie's America
0,Fruit
0,Dinner Party
0,Sunday lunch
0,Thanksgiving
0,American
0,Vegetarian
1,Fruit
1,Puddings & desserts
1,Gluten-free
1,Vegetarian
2,Jamie Magazine
2,Christmas
2,Father's day
2,Easter treats
2,Mother's day
2,Puddings & desserts
2,Vegetarian
3,Jamie Magazine
3,Fruit
3,Puddings & desserts
3,Vegetarian
4,Jamie Magazine
4,Fruit
4,Dinner Party
4,Father's day
4,Mother's day
4,Sunday lunch
4,Gluten-free
4,Vegetarian
5,Christmas
5,Dinner Party
5,Leftovers
5,Gluten-free
5,Vegetarian
6,Jamie Magazine
6,Fruit
6,Puddings & desserts
6,Vegetarian
7,Jamie Magazine
7,Fruit
7,French
7,Puddings & desserts
7,Vegetarian
8,Jamie Magazine
8,Fruit
8,Afternoon tea
8,Mother's day
8,Wimbledon
8,British
8,Vegetarian
9,Jamie Magazine
9,Fruit
9,Aussie Christmas
9,Christmas
9,Dinner Party
9,One-pan recipes
9,Vegetarian
10,Jamie Magazine
10,Fruit
10,Afternoon tea
10,Vegetarian
11,Afternoon tea
11,Easter treats
11,Father's day
11,Halloween recipes
11,Bonfire night recipes
11,British
11,Vegetarian
12,Afternoon tea
12,Easter treats
12,Mother's day
12,Snacks
12,Dairy-free
12,Vegan
12,Vegetarian
13,Jamie Magazine
13,Fruit
13,Alfresco
13,Puddings & desserts
13,Gluten-free
13,Dairy-free
13,Vegetarian
14,Fruit
14,Alfresco
14,Freezer-friendly recipes
14,Prep & go recipes
14,Quick & easy recipes
14,Quick fixes
14,Gluten-free
14,Vegetarian
15,Fruit
15,Quick & Easy – Series 2
15,Puddings & desserts
15,Gluten-free
15,Vegetarian
16,Jamie Magazine
16,Fruit
16,Afternoon tea
16,Mother's day
16,Pies & pastries
16,Puddings & desserts
16,Vegetarian
17,Jamie Magazine
17,Christmas
18,Jamie's Italy
18,Fruit
18,Italian
18,Vegetarian
19,Jamie Magazine
19,Fruit
19,Dinner for two
19,Mother's day
19,Puddings & desserts
19,Eggs
19,Gluten-free
19,Vegetarian
20,Christmas
20,Dinner Party
20,Easter treats
20,Mother's day
20,Fruit
20,Snacks
20,Gluten-free
20,Dairy-free
20,Vegan
20,Vegetarian
21,Christmas
21,Dinner Party
21,Easter treats
21,Fruit
21,Puddings & desserts
21,Gluten-free
21,Dairy-free
21,Vegan
21,Vegetarian
22,Jamie's Dinners
22,Italian
22,Fruit
22,Pasta & risotto
22,Gluten-free
22,Vegetarian
23,Jamie Magazine
23,Fruit
23,Alfresco
23,Puddings & desserts
23,Gluten-free
23,Vegetarian
24,Fruit
24,Quick & Easy – Series 2
24,Puddings & desserts
24,Gluten-free
24,Vegetarian
25,Jamie and Jimmy's Friday Night Feast
25,Dinner Party
25,Bread
25,Puddings & desserts
25,Vegetarian
26,Jamie Magazine
26,Eggs
26,Dinner Party
26,Easter treats
26,Romantic meals
26,Spanish
26,Vegetarian
27,Jamie Magazine
27,Aussie Christmas
27,Australia day
27,Puddings & desserts
27,Vegetarian
28,Jamie Magazine
28,Burns Night Specials
28,Mother's day
28,Afternoon tea
28,Puddings & desserts
28,Vegetarian
29,Jamie Magazine
29,Dinner Party
29,Easter treats
29,Puddings & desserts
29,Gluten-free
29,Vegetarian
30,Jamie Magazine
30,Christmas
30,Italian
30,Leftovers
30,Dairy-free
30,Vegetarian
31,Jamie Magazine
31,Christmas
31,Dinner Party
31,Easter treats
31,Mother's day
31,Wimbledon
31,Vegetarian
32,Jamie Magazine
32,Fruit
32,Afternoon tea
32,Dinner Party
32,Easter treats
32,Mother's day
32,Vegetarian
33,Jamie Magazine
33,Fruit
33,Christmas
33,Aussie Christmas
33,Thanksgiving
33,Puddings & desserts
33,Gluten-free
33,Dairy-free
33,Vegan
33,Vegetarian
34,Jamie Magazine
34,Fruit
34,Mother's day
34,Italian
34,Gluten-free
34,Vegetarian
35,Dinner for two
35,Dinner Party
35,Romantic meals
35,Vegetarian
36,Jamie Magazine
36,Fruit
36,Easter treats
36,Gluten-free
36,Vegetarian
37,Fruit
37,Christmas
37,Puddings & desserts
37,Gluten-free
37,Vegetarian
38,Fruit
38,Australia day
38,Gluten-free
38,Vegetarian
39,Jamie's Comfort Food
39,Christmas
39,Dinner Party
39,Thanksgiving
39,Bread
39,Puddings & desserts
39,Vegetarian
40,Jamie Magazine
40,Fruit
40,Mother's day
40,Puddings & desserts
40,Vegetarian
41,Jamie Magazine
41,Fruit
41,Christmas
41,Puddings & desserts
41,Gluten-free
41,Vegetarian
42,Jamie Magazine
42,Christmas
42,Puddings & desserts
42,Pies & pastries
42,Vegetarian
43,Jamie Magazine
43,Fruit
43,Dinner Party
43,Easter treats
43,Mother's day
43,New Year party picks
43,Gluten-free
43,Vegetarian
44,Jamie Magazine
44,Fruit
44,Puddings & desserts
44,Vegetarian
45,Jamie Magazine
45,Fruit
45,Christmas
45,Dinner Party
45,Dinner for two
45,Puddings & desserts
45,Gluten-free
45,Dairy-free
45,Vegan
45,Vegetarian
46,Jamie Magazine
46,Fruit
46,Bonfire night recipes
46,Puddings & desserts
46,Gluten-free
46,Vegetarian
47,Jamie's Kitchen
47,Fruit
47,Christmas
47,Dinner Party
47,Dinner for two
47,Leftovers
47,Gluten-free
47,Vegetarian
48,Fruit
48,Puddings & desserts
48,Vegetarian
49,Jamie Does...
49,Bread
49,Fruit
49,Bread & doughs
49,Vegetarian
50,Fruit
50,Pancake day
50,Breakfast
50,Puddings & desserts
50,Vegetarian
51,Jamie Magazine
51,Thanksgiving
51,Puddings & desserts
51,Pies & pastries
52,Jamie Magazine
52,Fruit
52,Christmas
52,Afternoon tea
52,Bread & doughs
52,Bread
52,Vegetarian
53,Fruit
53,Alfresco
53,Aussie Christmas
53,Wimbledon
53,Australia day
53,Puddings & desserts
53,Gluten-free
53,Vegetarian
54,Jamie Magazine
54,Afternoon tea
54,Italian
54,Vegetarian
55,Jamie Magazine
55,Fruit
55,Dinner Party
55,French
55,Pies & pastries
55,Puddings & desserts
55,Vegetarian
56,Italian
56,Fruit
56,Puddings & desserts
57,Fruit
57,British
57,Puddings & desserts
57,Vegetarian
58,Jamie Magazine
58,Easter treats
58,Puddings & desserts
58,Pies & pastries
58,Easter bakes
58,Vegetarian
59,Fruit
59,Christmas
59,British
59,Mince
59,Vegetarian
60,Fruit
60,Aussie Christmas
60,Puddings & desserts
60,Gluten-free
60,Vegetarian
61,Jamie Magazine
61,Afternoon tea
61,Christmas
61,Easter treats
61,Mother's day
61,Halloween recipes
61,Gluten-free
61,Dairy-free
61,Vegetarian
62,Jamie Magazine
62,Fruit
62,Quick fixes
62,Quick & easy recipes
62,Gluten-free
62,Vegetarian
63,Fruit
63,Easter treats
63,New Year party picks
63,Halloween recipes
63,Bonfire night recipes
63,Christmas
63,Dairy-free
63,Vegan
63,Vegetarian
64,Eggs
64,Puddings & desserts
64,Gluten-free
64,Vegetarian
65,Jamie Cooks Christmas
65,Fruit
65,Aussie Christmas
65,Christmas
65,Italian
65,Drinks
65,Vegetarian
66,Jamie's Great Britain
66,Christmas
66,Dinner Party
66,Easter treats
66,Father's day
66,Mother's day
66,Vegetarian
67,Fruit
67,Afternoon tea
67,Dinner Party
67,Easter treats
67,Mother's day
67,New Year party picks
67,Gluten-free
67,Dairy-free
67,Vegetarian
68,Jamie's Family Christmas
68,Fruit
68,Christmas
68,Dinner Party
68,Romantic meals
68,British
68,Gluten-free
69,Fruit
69,Dinner Party
69,Easter treats
69,British
69,Puddings & desserts
69,Vegetarian
70,Jamie and Jimmy's Friday Night Feast
70,Pies & pastries
70,Puddings & desserts
70,Vegetarian
71,Fruit
71,Easter treats
71,Bread
71,Snacks
71,Vegetarian
72,Jamie Magazine
72,Puddings & desserts
72,Vegetarian
73,Fruit
73,Dinner Party
73,New Year party picks
73,Romantic meals
73,British
73,Quick fixes
73,Vegetarian
74,Fruit
74,Easter treats
74,Mother's day
74,St. George's Day
74,British
74,Snacks
74,Vegetarian
75,Jamie Magazine
75,Mother's day
75,Easter treats
75,Easter bakes
75,Vegetarian
76,Jamie's America
76,Eggs
76,Christmas
76,Dinner Party
76,Father's day
76,New Year party picks
76,Vegetarian
77,Australia day
77,Afternoon tea
77,Fruit
77,Puddings & desserts
77,Beautiful baking recipes
77,Vegetarian
78,Fruit
78,Christmas
78,Dinner Party
78,British
78,Leftovers
78,Puddings & desserts
78,Vegetarian
79,Fruit
79,Christmas
79,Dinner Party
79,Leftovers
79,Puddings & desserts
80,Jamie Magazine
80,Fruit
80,Alfresco
80,Puddings & desserts
80,Gluten-free
80,Vegetarian
81,Fruit
81,Italian
81,Puddings & desserts
81,Vegetarian
82,Jamie Magazine
82,Vegetarian
83,Fruit
83,Afternoon tea
83,Dinner Party
83,Easter treats
83,Mother's day
83,New Year party picks
83,Gluten-free
83,Dairy-free
83,Vegan
83,Vegetarian
84,Fruit
84,British
84,Rhubarb
84,Puddings & desserts
84,Gluten-free
84,Vegetarian
85,Jamie Magazine
85,Fruit
85,Gluten-free
85,Vegetarian
86,Jamie Magazine
86,Asian
86,Fruit
86,Puddings & desserts
86,Gluten-free
86,Dairy-free
86,Vegan
86,Vegetarian
87,Jamie Magazine
87,Fruit
87,Alfresco
87,Australia day
87,Wimbledon
87,Puddings & desserts
87,Gluten-free
87,Vegetarian
88,Dinner Party
88,Christmas
88,Puddings & desserts
88,Slow-cooker
88,Gluten-free
88,Vegetarian
89,Easter treats
89,Mother's day
89,Christmas
89,Snacks
89,Puddings & desserts
89,Dairy-free
89,Vegan
89,Vegetarian
90,Jamies dinners
90,Puddings & desserts
91,Bread
91,Dinner Party
91,Easter treats
91,Puddings & desserts
91,Vegetarian
92,Jamie's Kitchen
92,Vegetables
92,Dinner Party
92,Puddings & desserts
92,Vegetarian
93,Jamie Magazine
93,Mother's day
93,Italian
93,Fruit
93,Vegetarian
94,Fruit
94,Breakfast
94,Quick fixes
94,Healthy breakfast ideas
94,Healthy snack ideas
94,Gluten-free
94,Vegetarian
95,Jamie Magazine
95,Fruit
95,Christmas
95,British
95,Puddings & desserts
95,Gluten-free
95,Dairy-free
95,Vegan
95,Vegetarian
96,Cook with Jamie
96,Bread
96,Christmas
96,British
96,Snacks
96,Vegetarian
97,Fruit
97,Family one-pan recipes
97,Puddings & desserts
97,Slow-cooker
97,Vegetarian
98,Jamie's America
98,Fruit
98,Christmas
98,Dinner Party
98,Mother's day
98,Sunday lunch
98,Vegetarian
99,Dinner Party
99,Puddings & desserts
99,Vegetarian
100,Jamie Magazine
100,Afternoon tea
100,Easter treats
100,Mother's day
100,Vegetarian
101,Jamie's Italy
101,Fruit
101,Puddings & desserts
101,Gluten-free
101,Dairy-free
101,Vegan
101,Vegetarian
102,Fruit
102,Puddings & desserts
102,Gluten-free
102,Vegetarian
103,Bread
103,Christmas
103,Dinner Party
103,Easter treats
103,British
103,Fruit
103,Dairy-free
103,Vegan
103,Vegetarian
104,Fruit
104,Snacks
104,Puddings & desserts
104,Gluten-free
104,Dairy-free
104,Vegan
104,Vegetarian
105,Fruit
105,Wimbledon
105,British
105,Puddings & desserts
105,Vegetarian
106,Jamie Magazine
106,Christmas
106,Mother's day
106,Dinner Party
106,Leftovers
106,Puddings & desserts
107,Jamie's Great Britain
107,Fruit
107,Easter treats
107,Mother's day
107,St. George's Day
107,Christmas
107,Vegetarian
108,Fruit
108,Alfresco
108,Wimbledon
108,Australia day
108,Freezer-friendly recipes
108,Prep & go recipes
108,Gluten-free
108,Vegetarian
109,Jamie Magazine
109,Fruit
109,Puddings & desserts
109,Pies & pastries
109,Vegetarian
110,Jamie Magazine
110,Christmas
110,Dinner Party
110,Easter treats
110,Mother's day
110,Romantic meals
110,Vegetarian
111,Jamie Magazine
111,French
111,Fruit
111,Puddings & desserts
111,Pies & pastries
112,Jamie at Home
112,Fruit
112,Dinner Party
112,Easter treats
112,Sunday lunch
112,British
112,Vegetarian
113,Fruit
113,Beautiful baking recipes
113,Puddings & desserts
114,Jamie Magazine
114,Fruit
114,Puddings & desserts
114,Gluten-free
114,Vegetarian
115,Jamie Magazine
115,Fruit
115,Alfresco
115,Aussie Christmas
115,Australia day
115,Puddings & desserts
115,Vegetarian
116,Jamie Magazine
116,Fruit
116,Easter treats
116,Puddings & desserts
116,Easter bakes
116,Vegetarian
117,Jamie Magazine
117,Fruit
117,Easter treats
117,Mother's day
117,Dinner Party
117,Puddings & desserts
117,Gluten-free
117,Vegetarian
118,Jamie Cooks Christmas
118,Christmas
118,American
118,Cheap & cheerful
118,Snacks
118,Gluten-free
118,Vegetarian
119,Jamie Magazine
119,Fruit
119,British
119,Puddings & desserts
119,Gluten-free
119,Dairy-free
119,Vegetarian
120,Jamie Magazine
120,Fruit
120,Alfresco
120,Aussie Christmas
120,Australia day
120,Puddings & desserts
120,Gluten-free
120,Dairy-free
120,Vegan
120,Vegetarian
121,Jamie Magazine
121,Dinner Party
121,St. George's Day
121,Wimbledon
121,British
121,Puddings & desserts
122,Dinner Party
122,Easter treats
122,New Year party picks
122,Christmas
122,Snacks
122,Gluten-free
122,Vegetarian
123,Christmas
123,Dinner Party
123,Fruit
123,Leftovers
123,Puddings & desserts
123,Vegetarian
124,Jamie Magazine
124,Aussie Christmas
124,Christmas
124,Dinner Party
124,Fruit
124,Leftovers
124,Gluten-free
124,Dairy-free
124,Vegan
124,Vegetarian
125,Jamie Magazine
125,Fruit
125,Christmas
125,Dinner Party
125,Easter treats
125,New Year party picks
125,Vegetarian
126,Afternoon tea
126,Easter treats
126,Beautiful baking recipes
126,Easter bakes
126,Gluten-free
126,Dairy-free
126,Vegan
126,Vegetarian
127,Easter treats
127,Father's day
127,Mother's day
127,Christmas
127,Snacks
127,Gluten-free
127,Dairy-free
127,Vegetarian
128,Jamie's Great Britain
128,Fruit
128,Christmas
128,Dinner Party
128,Easter treats
128,Father's day
128,Vegetarian
129,Jamie Magazine
129,Christmas
129,Fruit
129,Leftovers
130,Jamie Magazine
130,Fruit
130,Christmas
130,British
130,Snacks
130,Pies & pastries
130,Gluten-free
131,Jamie Magazine
131,Fruit
131,Alfresco
131,Dinner Party
131,Wimbledon
131,Puddings & desserts
131,Gluten-free
131,Vegetarian
132,Jamie Magazine
132,Afternoon tea
132,Easter treats
132,Mother's day
132,Puddings & desserts
132,Pies & pastries
132,Dairy-free
132,Vegan
132,Vegetarian
133,Jamie Magazine
133,Christmas
133,Dinner Party
133,Easter treats
133,Halloween recipes
133,Puddings & desserts
133,Vegetarian
134,Jamie Magazine
134,Fruit
134,Afternoon tea
134,Italian
134,Pies & pastries
134,Puddings & desserts
134,Vegetarian
135,Jamie Magazine
135,Fruit
135,Puddings & desserts
136,Jamie Magazine
136,Christmas
136,Puddings & desserts
137,Jamie Does...
137,Fruit
137,Dinner Party
137,French
137,Puddings & desserts
137,Vegetarian
138,Fruit
138,Alfresco
138,Wimbledon
138,British
138,Puddings & desserts
138,Gluten-free
138,Vegetarian
139,Beautiful baking recipes
139,Puddings & desserts
140,Vegetables
140,Dinner Party
140,Thanksgiving
140,Halloween recipes
140,Bonfire night recipes
140,American
140,Vegetarian
141,Jamie Magazine
141,Fruit
141,Puddings & desserts
141,Gluten-free
141,Vegetarian
142,Jamie Magazine
142,Fruit
142,Alfresco
142,Wimbledon
142,Puddings & desserts
142,Gluten-free
142,Dairy-free
143,Fruit
143,Puddings & desserts
143,Gluten-free
143,Dairy-free
143,Vegan
143,Vegetarian
144,Jamie Magazine
144,Fruit
144,New Year party picks
144,Puddings & desserts
144,Gluten-free
144,Vegetarian
145,Jamie at Home
145,Eggs
145,British
145,Puddings & desserts
145,Vegetarian
146,Fruit
146,Snacks
146,Dairy-free
146,Vegetarian
147,Fruit
147,Christmas
147,Puddings & desserts
148,Jamie Magazine
148,Fruit
148,Mother's day
148,Pies & pastries
148,Puddings & desserts
148,Vegetarian
149,Italian
149,Puddings & desserts
149,Vegetarian
150,Fruit
150,Australia day
150,Puddings & desserts
150,Gluten-free
150,Vegan
150,Vegetarian
151,Jamie's Great Britain
151,Fruit
151,Easter treats
151,Sunday lunch
151,British
151,Cheap & cheerful
151,Vegetarian
152,Jamie Magazine
152,Fruit
152,Mother's day
152,Pancake day
152,Breakfast
152,Puddings & desserts
152,Vegetarian
153,Fruit
153,Quick & Easy – Series 1
153,Puddings & desserts
153,Gluten-free
153,Vegetarian
154,Jamie's Dinners
154,Fruit
154,Dinner Party
154,St. George's Day
154,British
154,Puddings & desserts
154,Vegetarian
155,Jamie Magazine
155,Fruit
155,Afternoon tea
155,Puddings & desserts
155,Dairy-free
155,Vegan
155,Vegetarian
156,Jamie's Great Britain
156,Fruit
156,Afternoon tea
156,Easter treats
156,Father's day
156,Mother's day
156,Vegetarian
157,Fruit
157,Aussie Christmas
157,Christmas
157,British
157,Puddings & desserts
157,Sauces & condiments
157,Gluten-free
157,Dairy-free
157,Vegetarian
158,Quick & Easy – Series 1
158,Puddings & desserts
158,Vegetarian
159,Jamie Magazine
159,Afternoon tea
159,Easter treats
159,Father's day
159,Mother's day
159,Puddings & desserts
159,Vegetarian
160,Fruit
160,Aussie Christmas
160,Christmas
160,Dinner Party
160,British
160,Leftovers
160,Vegetarian
161,Jamie Does...
161,Dinner Party
161,Italian
161,Puddings & desserts
161,Vegetarian
162,Jamie Magazine
162,Aussie Christmas
162,Christmas
162,Italian
162,Dairy-free
162,Vegetarian
163,Fruit
163,Dinner Party
163,Wimbledon
163,Puddings & desserts
163,Vegetarian
164,Jamie Magazine
164,Fruit
164,Dinner for two
164,Romantic meals
164,Puddings & desserts
164,Gluten-free
164,Vegetarian
165,Jamie Magazine
165,Eggs
165,Pancake day
166,Fruit
166,Puddings & desserts
166,Gluten-free
166,Vegetarian
167,Fruit
167,British
167,Puddings & desserts
167,Vegetarian
168,Fruit
168,Alfresco
168,Father's day
168,Puddings & desserts
168,Gluten-free
168,Dairy-free
168,Vegan
168,Vegetarian
169,Jamie Magazine
169,Afternoon tea
169,Easter treats
169,Father's day
169,Mother's day
169,Puddings & desserts
169,Vegetarian
170,Jamie Magazine
170,Fruit
170,Alfresco
170,Wimbledon
170,British
170,Puddings & desserts
170,Dairy-free
170,Vegetarian
171,Vegetables
171,Christmas
171,Thanksgiving
171,Halloween recipes
171,American
171,Pies & pastries
171,Gluten-free
171,Vegetarian
172,Rhubarb
172,Fruit
172,Puddings & desserts
172,Vegetarian
173,Jamie Magazine
173,Christmas
173,Thanksgiving
173,Puddings & desserts
173,Pies & pastries
173,Vegetarian
174,Jamie Magazine
174,Dinner Party
174,Greek
174,Snacks
174,Pies & pastries
174,Vegetarian
175,Christmas
175,Dinner Party
175,Mother's day
175,Italian
175,Leftovers
175,Gluten-free
175,Vegetarian
176,Jamie Magazine
176,Afternoon tea
176,Father's day
176,Puddings & desserts
176,Vegetarian
177,Jamie Magazine
177,Fruit
177,Alfresco
177,Australia day
177,Puddings & desserts
177,Vegetarian
178,Puddings & desserts
178,Gluten-free
178,Vegetarian
179,Jamie Magazine
179,Easter treats
179,Halloween recipes
179,Christmas
179,American
179,Snacks
179,Gluten-free
179,Dairy-free
179,Vegan
179,Vegetarian
180,Fruit
180,Jamies dinners
180,Puddings & desserts
181,Fruit
181,Snacks
181,Puddings & desserts
181,Gluten-free
181,Vegetarian
182,Jamie Magazine
182,Eggs
182,Dinner Party
182,Easter treats
182,St. George's Day
182,British
182,Gluten-free
182,Vegetarian
183,Fruit
183,Dinner Party
183,Easter treats
183,British
183,Puddings & desserts
183,Vegetarian
184,Eggs
184,Dinner Party
184,Easter treats
184,Father's day
184,Mother's day
184,British
184,Vegetarian
185,Jamie Magazine
185,Easter treats
185,Mother's day
185,British
185,Snacks
185,Gluten-free
185,Vegetarian
186,Jamie's Comfort Food
186,Easter treats
186,Mother's day
186,Fruit
186,Easter bakes
186,Vegetarian
187,Jamie Magazine
187,Fruit
187,Alfresco
187,Sunday lunch
187,British
187,Puddings & desserts
187,Vegetarian
188,Jamie Magazine
188,St. George's Day
188,British
188,Puddings & desserts
188,Pies & pastries
188,Vegetarian
189,Jamie Magazine
189,Christmas
189,British
189,Puddings & desserts
189,Gluten-free
189,Vegetarian
190,Fruit
190,Wimbledon
190,Puddings & desserts
191,Easter treats
191,Father's day
191,Mother's day
191,New Year party picks
191,British
191,Beautiful baking recipes
191,Vegetarian
192,Jamie Magazine
192,Mother's day
192,Puddings & desserts
192,Gluten-free
192,Dairy-free
192,Vegetarian
193,Jamie's Comfort Food
193,Christmas
193,Easter treats
193,Mother's day
193,Gluten-free
193,Dairy-free
194,Fruit
194,Vegetarian
195,Dinner Party
195,Christmas
195,New Year party picks
195,Leftovers
195,Puddings & desserts
195,Vegetarian
196,Puddings & desserts
197,Jamie Magazine
197,Fruit
197,Pancake day
197,Christmas
197,Breakfast
197,Puddings & desserts
197,Vegetarian
198,Jamie Cooks Christmas
198,Fruit
198,Christmas
198,Leftovers
198,Snacks
198,Starters
198,Vegetarian
199,Jamie Magazine
199,Bread & doughs
199,Beautiful baking recipes
199,Breakfast
199,Vegetarian
200,Fruit
200,Quick & Easy – Series 2
200,Puddings & desserts
200,Gluten-free
200,Vegetarian
201,Jamie Magazine
201,Bread
201,Easter treats
201,Halloween recipes
201,Christmas
201,Snacks
201,Vegetarian
202,Jamie Magazine
202,Fruit
202,Pancake day
202,French
202,Breakfast
202,Puddings & desserts
202,Gluten-free
202,Vegetarian
203,Fruit
203,Drinks
203,Breakfast
203,Freezer-friendly recipes
203,Healthy snack ideas
203,Juices and smoothies
203,Vegetarian
204,Cook with Jamie
204,Christmas
204,Dinner Party
204,Vegetarian
205,Jamie's Comfort Food
205,Easter treats
205,Halloween recipes
205,Snacks
205,Vegetarian
206,Fruit
206,Christmas
206,Afternoon tea
206,Gluten-free
206,Vegetarian
207,Jamie Magazine
207,Vegetables
207,Afternoon tea
207,Easter treats
207,Easter bakes
207,Vegetarian
208,Jamie's Great Britain
208,Fruit
208,Burns Night Specials
208,Christmas
208,Easter treats
208,Father's day
208,Vegetarian
209,Jamie Magazine
209,Fruit
209,Easter treats
209,Puddings & desserts
209,Easter bakes
209,Vegetarian
210,Jamie Magazine
210,Fruit
210,American
210,Pies & pastries
210,Puddings & desserts
210,Vegetarian
211,Fruit
211,Christmas
211,Romantic meals
211,Dinner Party
211,Dinner for two
211,Leftovers
211,Gluten-free
211,Vegetarian
212,Fruit
212,Dinner Party
212,Sunday lunch
212,British
212,Puddings & desserts
212,Vegetarian
213,Jamie's Kitchen
213,Christmas
213,Dinner Party
213,Leftovers
213,Puddings & desserts
213,Vegetarian
214,Christmas
214,British
214,Puddings & desserts
215,Jamie Magazine
215,Fruit
215,Afternoon tea
215,Mother's day
215,Puddings & desserts
216,Fruit
216,Dinner Party
216,Easter treats
216,St. George's Day
216,Sunday lunch
216,British
216,Vegetarian
217,Easter treats
217,Mother's day
217,American
217,Fruit
217,Snacks
217,Vegetarian
218,Dinner Party
218,New Year party picks
218,Christmas
218,Tofu
218,Puddings & desserts
218,Vegan
219,Christmas
219,Puddings & desserts
219,Gluten-free
219,Dairy-free
219,Vegan
219,Vegetarian
220,Fruit
220,Christmas
220,Dinner Party
220,British
220,Puddings & desserts
220,Vegetarian
221,Christmas
221,Puddings & desserts
222,Afternoon tea
222,Easter treats
222,Mother's day
222,Halloween recipes
222,Christmas
222,Snacks
222,Dairy-free
222,Vegan
222,Vegetarian
223,Jamie Magazine
223,Easter treats
223,Bread & doughs
223,Vegetarian
224,Dinner Party
224,Halloween recipes
224,Christmas
224,Snacks
224,Leftovers
224,Gluten-free
224,Vegetarian
225,Jamie Magazine
225,Afternoon tea
225,Mother's day
225,Puddings & desserts
225,Vegetarian
226,Jamie Magazine
226,Fruit
226,Christmas
226,Leftovers
226,Starters
226,Puddings & desserts
226,Gluten-free
226,Dairy-free
226,Vegan
226,Vegetarian
227,Jamie Magazine
227,Fruit
227,Dinner Party
227,Alfresco
227,Quick fixes
227,Puddings & desserts
227,Vegetarian
228,Jamie Cooks Christmas
228,Christmas
228,Romantic meals
228,Thanksgiving
228,British
228,Leftovers
228,Gluten-free
228,Vegetarian
229,Fruit
229,Dinner Party
229,British
229,Puddings & desserts
229,Gluten-free
229,Dairy-free
230,Eggs
230,Puddings & desserts
230,Sauces & condiments
231,Jamie Magazine
231,Fruit
231,Aussie Christmas
231,Christmas
231,Thanksgiving
231,Pies & pastries
231,Vegetarian
232,Jamie at Home
232,Vegetables
232,Mother's day
232,Halloween recipes
232,Bonfire night recipes
232,Muffin
232,Vegetarian
233,Jamie Magazine
233,Afternoon tea
233,Mother's day
233,Vegetarian
234,Dinner Party
234,Puddings & desserts
234,Vegetarian
235,Fruit
235,Dinner Party
235,Puddings & desserts
235,Gluten-free
235,Dairy-free
235,Vegan
235,Vegetarian
236,Jamie Magazine
236,Puddings & desserts
236,Gluten-free
236,Dairy-free
236,Vegetarian
237,Jamie Magazine
237,Aussie Christmas
237,Christmas
237,Thanksgiving
237,Snacks
237,Puddings & desserts
237,Vegetarian
238,Jamie Magazine
238,Christmas
238,Dinner Party
238,Easter treats
238,Mother's day
238,British
238,Vegetarian
239,Cook with Jamie
239,Bread
239,Dinner Party
239,Easter treats
239,Sunday lunch
239,British
239,Vegetarian
240,Fruit
240,Dinner Party
240,Puddings & desserts
240,Gluten-free
240,Vegetarian
241,Jamie Magazine
241,Christmas
241,Dinner Party
241,Easter treats
241,Mother's day
241,Snacks
241,Gluten-free
241,Dairy-free
241,Vegan
241,Vegetarian
242,Fruit
242,Puddings & desserts
242,Gluten-free
242,Vegetarian
243,Dinner Party
243,New Year party picks
243,Bonfire night recipes
243,British
243,Cheap & cheerful
243,Quick fixes
243,Vegetarian
244,Jamie Magazine
244,Fruit
244,Christmas
244,Leftovers
244,Puddings & desserts
245,Jamie Magazine
245,Fruit
245,Alfresco
245,Wimbledon
245,Snacks
245,Gluten-free
245,Vegetarian
246,Fruit
246,Aussie Christmas
246,Christmas
246,Dinner Party
246,British
246,Puddings & desserts
246,Vegetarian
247,Jamie Magazine
247,Burns Night Specials
247,British
247,Fruit
247,Vegetarian
248,Afternoon tea
248,Christmas
248,Dinner Party
248,Easter treats
248,Mother's day
248,Leftovers
248,Gluten-free
248,Vegetarian
249,Jamie Magazine
249,Christmas
250,Jamie Magazine
250,Christmas
250,Dinner Party
250,Fruit
250,Puddings & desserts
250,Vegetarian
251,Jamie Magazine
251,Bread
251,Christmas
251,Bread & doughs
251,Beautiful baking recipes
252,Jamie Magazine
252,Afternoon tea
252,Easter treats
252,Greek
252,Vegetarian
253,Jamie's Family Christmas
253,Christmas
253,British
253,Leftovers
253,Cheap & cheerful
253,Meals for one
253,Vegetarian
254,Fruit
254,Alfresco
254,Puddings & desserts
254,Gluten-free
254,Dairy-free
254,Vegan
254,Vegetarian
255,Thanksgiving
255,Christmas
255,Pies & pastries
255,Puddings & desserts
256,Jamie Cooks Christmas
256,Fruit
256,Christmas
256,British
256,Leftovers
256,Puddings & desserts
256,Vegetarian
257,Jamie Magazine
257,Fruit
257,Puddings & desserts
257,Rhubarb
257,Gluten-free
257,Dairy-free
257,Vegan
257,Vegetarian
258,Dinner Party
258,Puddings & desserts
258,Vegetarian
259,Jamie Magazine
259,Thanksgiving
259,Halloween recipes
260,Jamie's Comfort Food
260,Vegetarian
261,Jamie's America
261,Dinner Party
261,Thanksgiving
261,Mexican
261,American
261,Fruit
261,Vegetarian
262,Jamie Magazine
262,Afternoon tea
262,Easter treats
262,Mother's day
262,Vegetarian
263,Jamie Magazine
263,American
263,Puddings & desserts
263,Vegetarian
264,Jamie Magazine
264,Dinner Party
264,Easter treats
264,Mother's day
264,Puddings & desserts
265,Cook with Jamie
265,Dinner Party
265,American
265,Fruit
265,Puddings & desserts
265,Vegetarian
266,Jamie Magazine
266,Aussie Christmas
266,Christmas
266,Puddings & desserts
266,Vegetarian
267,Easter treats
267,Mother's day
267,British
267,Fruit
267,Easter bakes
267,Vegetarian
268,Fruit
268,Christmas
268,Dinner Party
268,New Year party picks
268,British
268,Puddings & desserts
268,Vegetarian
269,Fruit
269,Aussie Christmas
269,Dinner Party
269,American
269,Puddings & desserts
269,Gluten-free
269,Dairy-free
269,Vegetarian
270,Cook with Jamie
270,Fruit
270,Mother's day
270,British
270,Vegetarian
271,Vegetables
271,Alfresco
271,Dinner Party
271,Mother's day
271,Snacks
271,Gluten-free
271,Vegetarian
272,Jamie Magazine
272,Fruit
272,Christmas
272,Dinner Party
272,Easter treats
272,Mother's day
272,Vegetarian
273,Fruit
273,Breakfast
273,Puddings & desserts
273,Gluten-free
273,Vegetarian
274,Jamie's Festive Feast
274,Eggs
274,Christmas
274,Easter treats
274,Father's day
274,American
274,Vegetarian
275,Jamie Magazine
275,Fruit
275,Puddings & desserts
276,Christmas
276,Dinner Party
276,Easter treats
276,Mother's day
276,Romantic meals
276,Snacks
276,Gluten-free
276,Dairy-free
276,Vegan
276,Vegetarian
277,Jamie Magazine
277,Dinner Party
277,Puddings & desserts
277,Vegetarian
278,Jamie Magazine
278,Christmas
278,Thanksgiving
278,Halloween recipes
278,American
278,Leftovers
278,Vegetarian
279,Jamie's Italy
279,Fruit
279,Dinner Party
279,Italian
279,Puddings & desserts
279,Gluten-free
279,Dairy-free
279,Vegan
279,Vegetarian
280,Christmas
280,Puddings & desserts
281,Jamie Does...
281,Fruit
281,Puddings & desserts
281,Vegetarian
282,Jamie Magazine
282,Quick fixes
282,Puddings & desserts
282,Gluten-free
282,Dairy-free
282,Vegan
282,Vegetarian
283,Jamie Magazine
283,Fruit
283,Afternoon tea
283,Puddings & desserts
283,Quick fixes
283,Quick & easy recipes
283,Vegetarian
